"","x"
"1","[Invitation] 2024 Event / Elementor"
"2","â€žHÃ¶hle der LÃ¶wenâ€œ System macht Deutsche BÃ¼rger reich! / â€žHÃ¶hle der LÃ¶wenâ€œ"
"3","ðŸŽ„ Merry Christmas, plus a service deadline announcement ðŸŒ² / Felix from AISLER"
"4","[Release] AI-Powered Container Creation / Elementor"
"5","Besonderes Highlight: TischfuÃŸballtisch fÃ¼r nur 399,- statt 1199,- / Sport und Spiel"
"6","BITTE ES IST DRINGEND / Didelet Andy"
"7","Access to the mzh-team-luhbots group was granted | ProjGIT / Projekt GitLab"
"8","Drei wichtige Vorteile des Budgetmanagements / Amazon Business"
"9","A Dramatic Leap in Performance / Elementor"
"10","Bitte Reagieren! / DKBOnline"
"11","Dank der Karte, die einen hohen Kreditrahmen besitzt, haben Sie keine Geldsorgen mehr - freundliche Empfehlung von Manfred / Hermann Kerner"
"12","Dating fÃ¼r Sex zu Weihnachten in Deutschland / Dating in Deutschland"
"13","Dein Kontoeinblick fÃ¼r November 2022 / Instagram Business"
"14","Dein Video wurde erneut gepostet / Instagram"
"15","Der einfachste Weg, um Strom zu sparen / E-Energy"
"16","Der Gewinn kann in wenigen Monaten um das 10-fache gesteigert werden... / BTC Profit"
"17","Hondrox â€” ist das erste Mittel mit Teufelskrallenextrakte, Arnika fÃ¼r die Wiederherstellung der Knorpel in den Gelenken / Hondrox"
"18","Ihr sofort genehmigter Kredit ist Ihr 3-faches monatliches Einkommen oder monatlicher Bruttoumsatz auf unserer Karte / Bernhard Eheim"
"19","Derzeit offene Rechnungen / Internetagentur WAS"
"20","Deutsche Instagram Follower Kaufen / Hallo von Followermonster"
"21","Deutsche Social Media Reichweite Kaufen / Hallo von Fanheros"
"22","Die Karte ist sofort einsetzbar und besitzt einen hohen Kreditrahmen / Barbara Kaiser"
"23","Effektive Behandlung von HÃ¤morrhoiden in jedem Stadium / Gelarex"
"24","Ersteinzahlungsbonus +100 Freispiele / Freispiele"
"25","FÃ¼ge Personen hinzu, um beim GeschÃ¤ftseinkauf zusammenzuarbeiten / Amazon Business"
"26","GeschÃ¤ftsgeschenke leichter gemacht â€“ mit den Amazon Business Bestellbudgets / Amazon Business"
"27","Gluconol â€“ Doppelschlag auf den Diabetes / Gluconol"
"28","Google-BestÃ¤tigungscode / Google"
"29","GrÃ¼ÃŸe mein Lieber / Juliet Jonhson"
"30","Hallo Lieber / elizabeth akah"
"31","Haltungskorrektur der Wirbelsaule / BSP Corrector"
"32","Levicose â€” nanotechnologien schÃ¼tzen die gesundheit und die schÃ¶nheit der venen / Levicose"
"33","LGBT I NEED YOUR HELP / Aleksandr Kovalenko"
"34","NVIDIA Jetson Orin PCN PCN210341/PCN210361 / Silicon Highway LTD"
"35","Payment Due Reminder - RoboCup 2023 / RoboCup Federation"
"36","Rabatte exklusiv fÃ¼r Unternehmen / Amazon Business"
"37","RE / Charls"
"38","Rechnung RE2023785 vom 17.04.2023 / Internetagentur WAS"
"39","Reminder - internationale KI-Konferenz ""KI als Innovationsmotor fÃ¼r Europa"" am 24. November 2023 in Mainz / artificial-intelligence"
"40","unbedingt lesen. / Miles & More K artenService"
"41","Urgent information: RoboCup 2023 / RoboCup Federation"
"42","Verlagere die Beschaffung mit Guided Buying / Amazon Business"
"43","keine Antwort. /"
"44","Der einfachste Weg"
"45","FÃ¼ge Personen hinzu"
"46","Hondrox â€” ist das erste Mittel mit Teufelskrallenextrakte"
"47","Dank der Karte"
"48","Not-Phishing"
"49","Phishing"
